-- ユーザー情報テーブル作成
CREATE TABLE user_tbl(
id INT AUTO_INCREMENT PRIMARY KEY,
user_name CHAR(16),
first_name CHAR(8),
last_name CHAR(8),
first_name_katakana CHAR(8),
last_name_katakana CHAR(8),
tel_no CHAR(12),
zip_code CHAR(7),
prefecture VARCHAR(20),
address1 VARCHAR(20),
address2 VARCHAR(20),
address3 VARCHAR(20),
birthday DATE,
gender CHAR(6),
mail VARCHAR(32),
password CHAR(32),
introduction VARCHAR(100) NULL,
user_tags VARCHAR(48) NULL,
profile_icon VARCHAR(255) NULL,
user_rating INT(1) DEFAULT 0,
report_flag TINYINT(1) DEFAULT 0,
PRIMARY KEY(id, user_name)
);


INSERT INTO user_tbl (
    user_name, first_name, last_name, first_name_katakana, last_name_katakana,
    tel_no, zip_code, prefecture, address1, address2, address3,
    birthday, gender, mail, password, introduction, user_tags, profile_icon, user_rating, report_flag
) VALUES
('kazuya_tana', '和也', '田中', 'カズヤ', 'タナカ', '09012345678', '1000005', '東京都', '千代田区', '丸の内一丁目', '1-1', '1995-04-15', '男性', 'tanaka.k@example.com', 'a9979b9a65074e64f0b2af4c703cc4f2', 'ギターとプログラミングが好きです。よろしくお願いいたします。', 'Guitar, Code', '/icons/tana_kazu.jpg', 5, 0),
('yui_sato', '結衣', '佐藤', 'ユイ', 'サトウ', '08098765432', '5300001', '大阪府', '大阪市北区', '梅田一丁目', '12-34', '1998-11-20', '女性', 'sato.yui@example.com', 'b4763e0018f6d2b4b7c61f8a84592a47', 'Webデザインを勉強中です。猫を飼っています。', 'Design, Cat', '/icons/sato_yui.jpg', 4, 0),
('h_yamada', '隼人', '山田', 'ハヤト', 'ヤマダ', '09055551111', '4600002', '愛知県', '名古屋市中区', '丸の内三丁目', NULL, '1990-07-01', '男性', 'h.yamada@example.com', 'c54094a11f211322237d6e60b134d19d', '動画編集に興味があります。', 'VideoEdit', '/icons/y_hayato.jpg', 3, 0),
('emi_koike', '恵美', '小池', 'エミ', 'コイケ', '08033332222', '8120011', '福岡県', '福岡市博多区', '博多駅前二丁目', '5-5', '2000-07-01', '女性', 'e.koike@example.com', 'd0239b039648943809e3e7f9a89d1469', '英語の勉強と旅行が好きです。', 'Travel, English', '/icons/k_emi.jpg', 4, 1),
('tk_inoue', '拓也', '井上', 'タクヤ', 'イノウエ', '09077778888', '1500001', '東京都', '渋谷区', '神宮前五丁目', '1-2-3', '1993-02-28', '男性', 't.inoue@example.com', 'e9f45d1797c23f1f3e792c3f19e48795', 'Webエンジニアです。新しい技術を常に追求しています。', 'Engineer', '/icons/i_taku.jpg', 5, 0),
('miu_nakano', '美羽', '中野', 'ミウ', 'ナカノ', '08011110000', '6008216', '京都府', '京都市下京区', '真宗本廟', NULL, '2001-05-10', '女性', 'm.nakano@example.com', 'f6d90708f5127e2a96996d9333c415e9', '着付けと歴史を学びたいです。', NULL, '/icons/n_miu.jpg', 2, 0),
('souta_aoki', '颯太', '青木', 'ソウタ', 'アオキ', '09022223333', '9000006', '沖縄県', '那覇市', '久茂地', NULL, '1997-09-03', '男性', 's.aoki@example.com', '0a4b3d7a9609a562d980a3a4014f5263', '旅行のVlogを作成しています。編集技術を向上させたいです。', 'Video, Travel', '/icons/a_sota.jpg', 4, 0),
('m_hoshi_123', '美月', '星野', 'ミツキ', 'ホシノ', '07066667777', '2200011', '神奈川県', '横浜市西区', '高島一丁目', '1-1-1', '1996-12-05', '女性', 'm.hoshino@example.com', '1b2a95c93a02c38d82136e0d9b400929', '料理と英語学習が趣味です。', 'Cooking, English', '/icons/h_mizuki.jpg', 5, 0),
('risa_kimura', '莉彩', '木村', 'リサ', 'キムラ', '08088889999', '0600000', '北海道', '札幌市中央区', '北三条西', '1-2', '2004-01-25', '女性', 'r.kimura@example.com', '2c416c80526019623e595a6b0c679a92', '大学でデザインを専攻しています。初心者です。', 'Design', '/icons/k_risa.jpg', 3, 0),
('jun_suzuki', '潤', '鈴木', 'ジュン', 'スズキ', '09012121212', '9800811', '宮城県', '仙台市青葉区', '一番町三丁目', '10-2', '1990-10-10', '男性', 'j.suzuki@example.com', '3d56e9c916056345d8b85714f447f525', '音楽制作とプログラミングのスキルを共有します。', 'Music, Code', '/icons/s_jun.jpg', 5, 0),
('sakura_kato', 'さくら', '加藤', 'サクラ', 'カトウ', '07034567890', '7300011', '広島県', '広島市中区', '基町', '1-1', '1994-03-21', '女性', 's.kato@example.com', '4e16d443e06180633c6d7a5b3a86c6a6', '趣味は読書とライティングです。', 'Reading, Write', '/icons/k_sakura.jpg', 4, 0),
('daichi_wata', '大地', '渡辺', 'ダイチ', 'ワタナベ', '08045678901', '7600023', '香川県', '高松市', '寿町二丁目', NULL, '1988-06-07', '男性', 'd.wata@example.com', '5f0e1f7a6279f38f7a637f5d933390c5', '釣りやキャンプなどのアウトドアが好きです。', 'Fishing, Camp', '/icons/w_daichi.jpg', 3, 0),
('aoi_tanaka', '葵', '田中', 'アオイ', 'タナカ', '09056789012', '8600808', '熊本県', '熊本市中央区', '手取本町', '5-1', '2003-12-01', '女性', 'a.tanaka@example.com', '6a988d87a4128f73f27f54c37953b169', 'イラストレーター志望です。デジタルペイントを勉強中。', 'Illust', '/icons/t_aoi.jpg', 4, 0),
('ryota_morita', '亮太', '森田', 'リョウタ', 'モリタ', '07067890123', '3300072', '埼玉県', 'さいたま市浦和区', '木崎五丁目', '1-1', '1992-08-18', '男性', 'r.morita@example.com', '7b47b8e5c2d3a1f8e12d1b9d10e53a94', 'マーケティングの理論を学んでいます。', 'Marketing', '/icons/m_ryota.jpg', 5, 0),
('nanami_kudo', '七海', '工藤', 'ナナミ', 'クドウ', '08078901234', '9500911', '新潟県', '新潟市中央区', '礎町通一番町', '2222', '1999-04-04', '女性', 'n.kudo@example.com', '8c255c2f9d7f5703f8f2e71d37b83f0c', '音楽制作（DTM）をしています。', 'Music', '/icons/k_nanami.jpg', 4, 0),
('kenji_abe', '健二', '阿部', 'ケンジ', 'アベ', '09089012345', '9200961', '石川県', '金沢市', '香林坊二丁目', NULL, '1985-10-29', '男性', 'k.abe@example.com', '9d571871f302a64c51f465a3d7008a1c', 'ビジネススキル全般の知識を増やしたいです。', 'Business', '/icons/a_kenji.jpg', 3, 0),
('mana_shimizu', '真菜', '清水', 'マナ', 'シミズ', '07090123456', '7900003', '愛媛県', '松山市', '三番町六丁目', '3-3-3', '2002-01-09', '女性', 'm.shimizu@example.com', 'a193b2a245d8b843103e33f67f2e18d3', 'コスメとファッションに関する知識を共有します。', 'Fashion', '/icons/s_mana.jpg', 5, 0),
('haruto_endo', '晴人', '遠藤', 'ハルト', 'エンドウ', '08012345000', '5500002', '大阪府', '大阪市西区', '江戸堀一丁目', NULL, '1991-05-23', '男性', 'h.endo@example.com', 'b2e04e13583c748c8b671a5c6d59580b', '英語の同時通訳スキルを練習中。', 'English, Report', '/icons/e_haruto.jpg', 2, 1),
('rino_fujita', '莉乃', '藤田', 'リノ', 'フジタ', '09023456000', '1350064', '東京都', '江東区', '青海二丁目', '10', '2000-08-07', '女性', 'r.fujita@example.com', 'c3f683e95079a4055273b4259b951e44', 'ダンスと筋トレが趣味です。', 'Dance, Gym', '/icons/f_rino.jpg', 4, 0),
('yuma_matsui', '悠馬', '松井', 'ユウマ', 'マツイ', '07034567000', '5008722', '岐阜県', '岐阜市', '加納桜道一丁目', '1', '1994-11-14', '男性', 'y.matsui@example.com', 'd4e21b06883d6a066c1f72a44d03e62f', '料理研究家を目指しています。和食が得意です。', 'Cooking', '/icons/m_yuma.jpg', 5, 0),
('kana_ishida', '加奈', '石田', 'カナ', 'イシダ', '08045678000', '3900811', '長野県', '松本市', '中央二丁目', NULL, '1987-03-03', '女性', 'k.ishida@example.com', 'e5a610f925b4c10041d8d21b0f199342', '自然の中での活動（登山、キャンプ）が好きです。', 'Nature', '/icons/i_kana.jpg', 3, 0),
('takumi_sakai', '匠', '酒井', 'タクミ', 'サカイ', '09056789000', '4200853', '静岡県', '静岡市葵区', '追手町', '2-1', '1995-07-27', '男性', 't.sakai@example.com', 'f6b283b7f1e7d0e417a86f1e8f237f37', '最新のIT技術、特にクラウドコンピューティングに詳しいです。', 'IT, Tech', '/icons/s_takumi.jpg', 5, 0),
('momoka_oishi', '桃香', '大石', 'モモカ', 'オオイシ', '07067890000', '5140009', '三重県', '津市', '羽所町', '700', '2001-09-12', '女性', 'm.oishi@example.com', '07b8a7b3c2d6e3c544d99c7f56f1a9d1', '韓国ドラマとK-POPに夢中です。', 'K-Drama, K-Pop', '/icons/o_momoka.jpg', 3, 0),
('hayato_koda', '勇人', '幸田', 'ハヤト', 'コウダ', '08078901000', '6500021', '兵庫県', '神戸市中央区', '三宮町二丁目', '11-1', '1993-01-01', '男性', 'h.koda@example.com', '18b335c0a37e9081a9f1b95f9c5208e4', 'フリーランスとして活動中。デザイン業務が主です。', 'Freelance, Design', '/icons/k_hayato.jpg', 4, 0),
('akane_yoshida', '茜', '吉田', 'アカネ', 'ヨシダ', '09089012000', '2770852', '千葉県', '柏市', '旭町一丁目', '5-5', '1997-04-20', '女性', 'a.yoshida@example.com', '29c1e956b6858e727e02a939f8d93333', '料理のスキルを共有したいです。', 'Cooking, Share', '/icons/y_akane.jpg', 5, 0),
('shun_mori', '俊', '森', 'シュン', 'モリ', '07090123000', '4506488', '愛知県', '名古屋市中村区', '名駅三丁目', '28-12', '1996-06-06', '男性', 's.mori@example.com', '3a7d20f1c902787c883a992e5e1824a7', 'AIと機械学習の動向を追いかけています。', 'AI, Future', '/icons/m_shun.jpg', 4, 0),
('yua_tanaka', '結愛', '田中', 'ユア', 'タナカ', '08012340001', '1008111', '東京都', '千代田区', '千代田一丁目', '1', '2005-02-14', '女性', 'y.tanaka2@example.com', '4b3d7a9609a562d980a3a4014f5263a2', '特になし', NULL, '/icons/t_yua.jpg', 1, 0),
('kaito_ishii', '海斗', '石井', 'カイト', 'イシイ', '09023450001', '8100041', '福岡県', '福岡市中央区', '大名二丁目', '6-6', '1992-09-01', '男性', 'k.ishii@example.com', '5c416c80526019623e595a6b0c679a92', '写真撮影が趣味。風景写真を主に投稿します。', 'Photo', '/icons/i_kaito.jpg', 5, 0),
('yuki_oshima', '悠希', '大島', 'ユウキ', 'オオシマ', '07034560001', '2310023', '神奈川県', '横浜市中区', '山下町', '1', '1989-12-31', '女性', 'y.oshima@example.com', '6d56e9c916056345d8b85714f447f525', '地域活性化に関するプロジェクトに参加したいです。', 'Community', '/icons/o_yuki.jpg', 4, 0),
('risa_nakamura', '莉沙', '中村', 'リサ', 'ナカムラ', '08045670001', '5406591', '大阪府', '大阪市中央区', '天満橋京町', '1-1', '1998-03-17', '女性', 'r.nakamura@example.com', '7e16d443e06180633c6d7a5b3a86c6a6', 'デザインの基礎知識を教えます。', 'Design, Tutor', '/icons/n_risa.jpg', 5, 0);
--------------------------------------------------------------------

CREATE TABLE user_follow_tbl(
    id INT AUTO_INCREMENT PRIMARY KEY,
    follower_id INT,
    followed_id INT,
    follow_date DATETIME DEFAULT CURRENT_TIMESTAMP,
    FOREIGN KEY (follower_id) REFERENCES user_tbl(id),
    FOREIGN KEY (followed_id) REFERENCES user_tbl(id),
    UNIQUE (follower_id, followed_id) 
);

INSERT INTO user_follow_tbl (follower_id, followed_id) VALUES
('usr0001', 'usr0002'),  -- user1 follows user2
('usr0002', 'usr0003'),  -- user2 follows user3
('usr0003', 'usr0001'); 
-------------------------------------------------------------------

-- 支払い情報テーブル作成
CREATE TABLE payment_tbl(
    user_id INT,
    card_num CHAR(16),
    card_name CHAR(16),
    card_expiration CHAR(4),
    card_block TINYINT(1),
    bank_name VARCHAR(30),
    bank_account_num CHAR(16),
    branch_name CHAR(7),
    branch_num CHAR(3),
    acc_holder_name CHAR(16),
    monthly_sales INT(16),
    total_sales INT(16),
    withdrawal INT(16),
    account_type CHAR(10),
    PRIMARY KEY (user_id, card_num)
);



INSERT INTO payment_tbl (
    user_id, card_num, card_name, card_expiration, card_block, 
    bank_name, bank_account_num, branch_name, branch_num, acc_holder_name, 
    monthly_sales, total_sales, withdrawal, account_type
) VALUES
(1, '4980123456789012', 'タナカ カズヤ', '1028', 0, NULL, NULL, NULL, NULL, NULL, 55000, 1200000, 800000, 'クレジット'),
(2, '0000000000000000', NULL, NULL, 0, '三菱ＵＦＪ銀行', '1234567890123456', '本店', '001', 'サトウ ユイ', 120000, 3500000, 2000000, '普通'),
(3, '5100000012345678', 'ヤマダ ハヤト', '0526', 0, NULL, NULL, NULL, NULL, NULL, 15000, 350000, 150000, 'クレジット'),
(4, '0000000000000000', NULL, NULL, 0, '三井住友銀行', '9876543210123456', '渋谷支店', '101', 'コイケ エミ', 80000, 1500000, 1000000, '当座'),
(5, '4000111122223333', 'イノウエ タクヤ', '0327', 0, NULL, NULL, NULL, NULL, NULL, 250000, 8000000, 5000000, 'クレジット'),
(6, '0000000000000000', NULL, NULL, 0, 'ゆうちょ銀行', '01010123456789', '京都支店', '401', 'ナカノ ミウ', 5000, 120000, 50000, '普通'),
(7, '4567890123456789', 'アオキ ソウタ', '1125', 0, NULL, NULL, NULL, NULL, NULL, 40000, 950000, 700000, 'クレジット'),
(8, '0000000000000000', NULL, NULL, 0, 'みずほ銀行', '5432109876543210', '横浜支店', '201', 'ホシノ ミツキ', 65000, 1800000, 1200000, '普通'),
(9, '5432109876543210', 'キムラ リサ', '0829', 0, NULL, NULL, NULL, NULL, NULL, 20000, 450000, 300000, 'クレジット'),
(10, '0000000000000000', NULL, NULL, 0, 'りそな銀行', '7654321098765432', '仙台支店', '301', 'スズキ ジュン', 150000, 4000000, 3500000, '当座'),
(11, '4321098765432109', 'カトウ サクラ', '0126', 0, NULL, NULL, NULL, NULL, NULL, 30000, 600000, 400000, 'クレジット'),
(12, '0000000000000000', NULL, NULL, 0, '地方銀行', '0001112223334445', '高松支店', '501', 'ワタナベ ダイチ', 25000, 700000, 500000, '普通'),
(13, '5213456789012345', 'タナカ アオイ', '1228', 0, NULL, NULL, NULL, NULL, NULL, 75000, 2000000, 1500000, 'クレジット'),
(14, '0000000000000000', NULL, NULL, 0, '新生銀行', '6789012345678901', '浦和支店', '601', 'モリタ リョウタ', 95000, 2500000, 2000000, '普通'),
(15, '4777666655554444', 'クドウ ナナミ', '0427', 0, NULL, NULL, NULL, NULL, NULL, 180000, 5500000, 4000000, 'クレジット'),
(16, '0000000000000000', NULL, NULL, 0, '信託銀行', '8765432109876543', '金沢支店', '701', 'アベ ケンジ', 35000, 850000, 600000, '当座'),
(17, '5555444433332222', 'シミズ マナ', '0729', 0, NULL, NULL, NULL, NULL, NULL, 15000, 300000, 100000, 'クレジット'),
(18, '0000000000000000', NULL, NULL, 0, '楽天銀行', '1111000099998888', '大阪支店', '801', 'エンドウ ハルト', 50000, 1100000, 900000, '普通'),
(19, '4222333344445555', 'フジタ リノ', '0925', 0, NULL, NULL, NULL, NULL, NULL, 60000, 1400000, 1000000, 'クレジット'),
(20, '0000000000000000', NULL, NULL, 0, '地方銀行', '9999888877776666', '岐阜支店', '901', 'マツイ ユウマ', 110000, 2900000, 2500000, '普通'),
(21, '5111222233334444', 'イシダ カナ', '1226', 0, NULL, NULL, NULL, NULL, NULL, 25000, 700000, 450000, 'クレジット'),
(22, '0000000000000000', NULL, NULL, 0, '静岡銀行', '7777666655554444', '静岡支店', '005', 'サカイ タクミ', 200000, 7500000, 6000000, '当座'),
(23, '4001001001001001', 'オオイシ モモカ', '0526', 0, NULL, NULL, NULL, NULL, NULL, 10000, 250000, 150000, 'クレジット'),
(24, '0000000000000000', NULL, NULL, 0, '関西みらい銀行', '5555444433332222', '神戸支店', '105', 'コウダ ハヤト', 70000, 1900000, 1500000, '普通'),
(25, '5000500050005000', 'ヨシダ アカネ', '0327', 0, NULL, NULL, NULL, NULL, NULL, 85000, 2100000, 1700000, 'クレジット'),
(26, '0000000000000000', NULL, NULL, 0, '三井住友信託銀行', '3333222211110000', '名古屋支店', '205', 'モリ シュン', 130000, 4200000, 3000000, '当座'),
(27, '4444555566667777', 'タナカ ユア', '0126', 0, NULL, NULL, NULL, NULL, NULL, 2000, 50000, 10000, 'クレジット'),
(28, '0000000000000000', NULL, NULL, 0, '西日本シティ銀行', '2222111100009999', '福岡支店', '305', 'イシイ カイト', 90000, 2400000, 2000000, '普通'),
(29, '5678901234567890', 'オオシマ ユウキ', '1125', 1, NULL, NULL, NULL, NULL, NULL, 40000, 980000, 750000, 'クレジット'),
(30, '0000000000000000', NULL, NULL, 0, '埼玉りそな銀行', '8888777766665555', '大宮支店', '405', 'ナカムラ リサ', 70000, 1600000, 1200000, '普通');

----------------------------------------------------------------------

--メンバーシップ情報テーブル
CREATE TABLE membership_tbl(
    user_id INT,
    join_date DATETIME,
    renewal_date DATETIME CURRENT_TIMESTAMP,
    payment_status CHAR(16),
    payment_method CHAR(8),
    bonus_id VARCHAR(255),
    creator_id INT,
    PRIMARY KEY(user_id,creator_id)
);


INSERT INTO membership_tbl (
    user_id, join_date, renewal_date, payment_status, payment_method, bonus_id, creator_id
) VALUES
(1, '2024-01-10 10:00:00', '2025-01-10 10:00:00', '成功', 'クレジット', 'BNS-GTR-TANA', 101),
(1, '2024-05-20 15:30:00', '2024-11-20 15:30:00', '成功', '口座振替', 'BNS-DGN-PRJ', 103),
(2, '2024-07-05 12:00:00', '2025-07-05 12:00:00', '成功', 'クレジット', 'BNS-WEB-GUIDE', 103),
(3, '2024-03-15 09:00:00', '2024-09-15 09:00:00', '失敗', 'クレジット', 'BNS-VDO-BASIC', 102),
(4, '2024-02-01 14:00:00', '2025-02-01 14:00:00', '成功', 'クレジット', 'BNS-TRV-NEWS', 104),
(5, '2024-09-01 18:00:00', '2025-10-01 18:00:00', '成功', '口座振替', 'BNS-ENG-ADV', 105),
(6, '2024-04-22 11:00:00', '2025-04-22 11:00:00', '成功', 'クレジット', 'BNS-WEB-BASIC', 103),
(7, '2024-10-10 09:30:00', '2025-10-10 09:30:00', '成功', '口座振替', 'BNS-VDO-ADV', 102),
(8, '2024-01-05 17:00:00', '2025-01-05 17:00:00', '成功', 'クレジット', 'BNS-COOK-RSP', 104),
(9, '2024-06-18 13:00:00', '2024-12-18 13:00:00', '成功', '口座振替', 'BNS-DGN-TIPS', 103),
(10, '2024-08-01 10:00:00', '2025-08-01 10:00:00', '成功', 'クレジット', 'BNS-MUS-MASTER', 101),
(11, '2024-03-01 08:00:00', '2025-03-01 08:00:00', '成功', '口座振替', 'BNS-TRV-BLOG', 104),
(12, '2024-07-25 19:00:00', '2025-07-25 19:00:00', '成功', 'クレジット', 'BNS-OUT-GEAR', 102),
(13, '2024-05-10 16:30:00', '2025-05-10 16:30:00', '成功', 'クレジット', 'BNS-ILL-SKETCH', 103),
(13, '2024-09-05 12:00:00', '2025-09-05 12:00:00', '成功', '口座振替', 'BNS-MINI-GUIDE', 105),
(14, '2024-01-20 13:00:00', '2025-01-20 13:00:00', '成功', 'クレジット', 'BNS-MKT-TREND', 104),
(15, '2024-06-05 10:00:00', '2024-12-05 10:00:00', '成功', '口座振替', 'BNS-MUS-BEAT', 101),
(16, '2024-08-10 14:00:00', '2024-11-10 14:00:00', '失敗', 'クレジット', 'BNS-BUS-DOC', 105),
(17, '2024-04-04 17:30:00', '2025-04-04 17:30:00', '成功', 'クレジット', 'BNS-FAS-LOOK', 104),
(18, '2024-02-15 11:00:00', '2025-02-15 11:00:00', '成功', '口座振替', 'BNS-ENG-TALK', 105),
(19, '2024-07-01 10:00:00', '2024-11-01 10:00:00', '成功', 'クレジット', 'BNS-FIT-PLAN', 102),
(20, '2024-05-01 15:00:00', '2025-05-01 15:00:00', '成功', '口座振替', 'BNS-COOK-JAP', 104),
(21, '2024-08-28 14:00:00', '2025-08-28 14:00:00', '成功', 'クレジット', 'BNS-NAT-TREK', 102),
(22, '2024-03-05 16:00:00', '2025-03-05 16:00:00', '成功', '口座振替', 'BNS-TECH-NEWS', 105),
(23, '2024-10-20 10:00:00', '2025-10-20 10:00:00', '成功', 'クレジット', 'BNS-KDR-LIST', 104),
(24, '2024-01-01 12:00:00', '2025-01-01 12:00:00', '成功', '口座振替', 'BNS-FREE-DESIGN', 103),
(24, '2024-09-10 11:00:00', '2024-11-10 11:00:00', '失敗', 'クレジット', 'BNS-VDO-CUT', 102),
(25, '2024-06-01 15:30:00', '2025-06-01 15:30:00', '成功', 'クレジット', 'BNS-COOK-TIPS', 104),
(26, '2024-03-10 09:00:00', '2025-03-10 09:00:00', '成功', '口座振替', 'BNS-AI-MODEL', 105),
(27, '2024-07-15 13:00:00', '2025-07-15 13:00:00', '成功', 'クレジット', 'BNS-MUS-CHORD', 101),
(28, '2024-04-10 10:00:00', '2025-04-10 10:00:00', '成功', '口座振替', 'BNS-PHO-EDIT', 102),
(29, '2024-02-20 14:00:00', '2025-02-20 14:00:00', '成功', 'クレジット', 'BNS-COM-REPORT', 105),
(30, '2024-05-15 11:00:00', '2025-05-15 11:00:00', '成功', '口座振替', 'BNS-DGN-COLOR', 103);



----------------------------------------------------------------------


--商品情報テーブル
CREATE TABLE product_tbl(
    id VARCHAR(255),
    favorites INT(32),
    product_view_flag TINYINT(1) DEFAULT 0,
    user_id	INT,	
    PRIMARY KEY(id)
);

INSERT INTO product_tbl (
    id, favorites, product_view_flag, user_id
) VALUES
('PRD-GTR-101', 52345, 1, 1),
('PRD-VDO-102', 12340, 1, 7),
('PRD-DGN-103', 9876, 1, 9),
('PRD-ENG-104', 350000, 1, 18),
('PRD-WEB-105', 1200, 0, 5),
('PRD-JAP-201', 5000, 1, 20),
('PRD-MKT-202', 25000, 1, 14),
('PRD-FIT-203', 150, 0, 19),
('PRD-AIT-204', 450000, 1, 26),
('PRD-MUS-205', 89000, 1, 10),
('PRD-PHO-301', 50, 0, 28),
('PRD-LIF-302', 22000, 1, 4),
('PRD-COD-303', 180000, 1, 22),
('PRD-ART-304', 300, 0, 13),
('PRD-HIS-305', 7500, 1, 6),
('PRD-FAS-401', 1000, 1, 17),
('PRD-YOG-402', 500, 0, 23),
('PRD-BUS-403', 95000, 1, 16),
('PRD-VOG-404', 32000, 1, 2),
('PRD-MED-405', 10, 0, 12),
('PRD-COOK-501', 75000, 1, 8),
('PRD-ILL-502', 150000, 1, 13),
('PRD-TRE-503', 40000, 1, 21),
('PRD-SKT-504', 800, 0, 27),
('PRD-WRI-505', 12000, 1, 11),
('PRD-FIL-601', 2000, 1, 7),
('PRD-CRM-602', 1500, 0, 29),
('PRD-DIY-603', 75000, 1, 25),
('PRD-GRW-604', 100000, 1, 5),
('PRD-VDO-605', 250, 0, 18);

----------------------------------------------------------------------


--出品情報テーブル
CREATE TABLE listing_tbl(
    product_id	VARCHAR(255),		
    product_name CHAR(32),	
    product_price INT(7),
    shipping_area VARCHAR(4),		
    product_category CHAR(16),		
    product_condition CHAR(8),		
    product_description	VARCHAR(255),		
    listing_status TINYINT(1) DEFAULT 1,						
    listing_date DATETIME DEFAULT CURRENT_TIMESTAMP,		
    sales_status CHAR,		
    update_date	DATETIME DEFAULT CURRENT_TIMESTAMP,		
    product_upload_user CHAR(64),
    PRIMARY KEY(product_id,product_upload_user)
);
-- 同じ言葉が入っている商品が５本ほしい


INSERT INTO listing_tbl (
    product_id, product_name, product_price, shipping_area, product_category, product_condition, product_description, listing_status, listing_date, sales_status, update_date, product_upload_user
) VALUES 
('LSG-001', 'プログラミング基礎講座', 15000, '東京', 'プログラミング', '新品', '田中和也監修。Pythonを使った初心者向けプログラミングの基礎講座です。', 1, '2025-09-20 10:00:00', 'S', '2025-09-20 10:00:00', 'tana_kazu'),
('LSG-002', '動画編集ソフト 初心者向け', 8000, '沖縄', 'ソフトウェア', '新品', 'Vlog作成に最適な、操作が簡単な動画編集ソフト。', 1, '2025-09-21 12:30:00', 'S', '2025-09-21 12:30:00', 'souta_aoki'),
('LSG-003', '北欧デザインマグカップ 2個セット', 2800, '神奈川', 'インテリア', '新品', 'おしゃれなマグカップ。割れにくい素材を使用。', 1, '2025-09-22 15:00:00', 'S', '2025-09-23 09:00:00', 'm_hoshi_123'),
('LSG-004', 'デジタルイラスト基礎講座', 15000, '北海道', 'デザイン', '新品', 'タブレットを使ったデジタルイラストの描き方。', 1, '2025-09-23 18:00:00', 'C', '2025-09-24 18:00:00', 'risa_kimura'),
('LSG-005', '最新DAWソフトウェアライセンス', 49800, '宮城', '音楽', '新品', 'プロ仕様の音楽制作ソフトウェアの最新版。', 1, '2025-09-24 09:30:00', 'S', '2025-09-25 09:30:00', 'jun_suzuki'),
('LSG-006', '旅行記執筆オンラインセミナー', 6500, '広島', 'ライティング', '新品', '魅力的な旅行記を書くための秘訣を公開。', 1, '2025-09-25 15:30:00', 'S', '2025-09-26 10:00:00', 'sakura_kato'),
('LSG-007', 'プログラミング基礎講座', 12000, '大阪', 'プログラミング', '新品', '佐藤結衣が教えるWeb開発に必要なHTML/CSSの基礎講座。', 1, '2025-09-26 18:00:00', 'S', '2025-09-27 10:00:00', 'yui_sato'),
('LSG-008', 'キャンピングチェア（中古美品）', 7000, '香川', 'アウトドア', '中古', '軽量で持ち運びやすいキャンプ用チェア。目立った傷なし。', 1, '2025-09-27 20:00:00', 'C', '2025-09-28 10:00:00', 'daichi_wata'),
('LSG-009', 'プロが教えるデザインの基礎', 10000, '熊本', 'デザイン', '新品', '田中葵による、配色やレイアウトなどデザインの基本を学べるeBook。', 1, '2025-09-28 11:00:00', 'S', '2025-09-29 11:00:00', 'aoi_tanaka'),
('LSG-010', 'ビジネス文書作成テンプレート集', 4800, '埼玉', 'ビジネス', '新品', 'すぐに使えるビジネス文書のテンプレート50種類。', 1, '2025-09-29 13:00:00', 'S', '2025-09-30 13:00:00', 'ryota_morita'),
('LSG-011', 'DTM作曲テクニック集', 18000, '新潟', '音楽', '新品', 'デジタル音楽制作のための高度なテクニック解説。', 1, '2025-09-30 16:00:00', 'S', '2025-10-01 16:00:00', 'nanami_kudo'),
('LSG-012', '最新IT業界動向レポート', 5000, '石川', 'ビジネス', '新品', '2025年のIT業界のトレンドと市場予測レポート。', 0, '2025-10-01 10:00:00', 'S', '2025-10-02 10:00:00', 'kenji_abe'),
('LSG-013', '春の新作コスメお試しセット', 3000, '愛媛', '美容', '新品', '今季注目の最新コスメのミニサイズセット。', 1, '2025-10-02 11:30:00', 'S', '2025-10-03 11:30:00', 'mana_shimizu'),
('LSG-014', 'TOEIC対策eラーニングコース', 25000, '大阪', '英語', '新品', '効率的にTOEICスコアを上げるための学習コース。', 1, '2025-10-03 14:00:00', 'S', '2025-10-04 14:00:00', 'haruto_endo'),
('LSG-015', '自宅でできる筋トレプログラム', 4000, '東京', 'フィットネス', '新品', '器具を使わずに自宅で全身を鍛えるためのトレーニングメニュー。', 1, '2025-10-04 17:00:00', 'C', '2025-10-05 17:00:00', 'rino_fujita'),
('LSG-016', '登山入門ガイドブック', 3200, '長野', 'アウトドア', '新品', '安全に登山を楽しむための知識と装備を紹介。', 1, '2025-10-05 10:00:00', 'S', '2025-10-06 10:00:00', 'kana_ishida'),
('LSG-017', 'プログラミング基礎講座', 18000, '東京', 'プログラミング', '新品', '井上拓也によるJavaScriptとReactの基礎を学べる集中講座。', 1, '2025-10-06 14:00:00', 'S', '2025-10-07 14:00:00', 'tk_inoue'),
('LSG-018', 'クラウド技術実践ハンズオン資料', 55000, '静岡', 'IT', '新品', '酒井匠が教えるクラウド環境構築の実践的なステップバイステップ資料。', 1, '2025-10-07 17:00:00', 'S', '2025-10-08 17:00:00', 'takumi_sakai'),
('LSG-019', 'K-POPダンス解説動画', 1800, '三重', 'エンタメ', '新品', '人気のK-POP楽曲の振付を丁寧に解説した動画コンテンツ。', 1, '2025-10-08 10:00:00', 'S', '2025-10-09 10:00:00', 'momoka_oishi'),
('LSG-020', 'フリーランス向け契約書式セット', 12000, '兵庫', 'ビジネス', '新品', 'フリーランスがトラブルを防ぐための契約書テンプレート集。', 1, '2025-10-09 14:00:00', 'S', '2025-10-10 14:00:00', 'hayato_koda'),
('LSG-021', '時短で作る簡単レシピ動画', 2500, '千葉', '料理', '新品', '忙しい人向けの15分で完成する料理のレシピ動画。', 1, '2025-10-10 17:00:00', 'S', '2025-10-11 17:00:00', 'akane_yoshida'),
('LSG-022', 'プログラミング基礎講座', 10000, '愛知', 'プログラミング', '新品', '森俊によるAI開発に必要な基礎を学べる講座。', 1, '2025-10-11 10:00:00', 'S', '2025-10-12 10:00:00', 'shun_mori'),
('LSG-023', 'AI入門と倫理オンライン講座', 70000, '愛知', 'AI', '新品', 'AI技術の基礎から、社会における倫理的な側面までを網羅。', 1, '2025-10-12 13:30:00', 'S', '2025-10-13 13:30:00', 'shun_mori'),
('LSG-024', 'アコースティックギターのコードブック', 1500, '東京', '音楽', '新品', '初心者でもわかりやすいアコースティックギターのコード集。', 1, '2025-10-13 16:00:00', 'S', '2025-10-14 16:00:00', 'yua_tanaka'),
('LSG-025', 'プログラミング基礎講座', 16000, '福岡', 'プログラミング', '新品', '石井海斗監修。C言語の基礎とアルゴリズムの考え方を解説。', 1, '2025-10-14 10:00:00', 'S', '2025-10-15 10:00:00', 'kaito_ishii'),
('LSG-026', '地域活性化ボランティアガイド', 1000, '神奈川', 'コミュニティ', '新品', '地域活動への参加方法と役立つ情報まとめ。', 0, '2025-10-15 14:00:00', 'S', '2025-10-16 14:00:00', 'yuki_oshima'),
('LSG-027', '色彩理論とデザイン実例集', 9800, '大阪', 'デザイン', '新品', 'プロのデザイナーが使う色彩理論と実例を解説した資料。', 1, '2025-10-16 11:00:00', 'S', '2025-10-17 11:00:00', 'risa_nakamura'),
('LSG-028', '自己啓発のための読書リスト', 2500, '愛知', 'ビジネス', '新品', '自己成長を促すための厳選された書籍の読書ガイドと要約集。', 1, '2025-10-17 15:00:00', 'S', '2025-10-18 15:00:00', 'ryota_morita'),
('LSG-029', 'アンティーク時計 修理マニュアル', 15000, '京都', '趣味', '新品', 'アンティーク時計の簡単なメンテナンスと修理方法。', 1, '2025-10-18 18:00:00', 'C', '2025-10-19 18:00:00', 'miu_nakano'),
('LSG-030', 'プログラミング基礎講座', 13500, '北海道', 'プログラミング', '新品', 'C++とデータ構造の基礎を解説する上級者向け講座。', 1, '2025-10-19 09:00:00', 'S', '2025-10-20 09:00:00', 'risa_kimura');

----------------------------------------------------------------------




CREATE TABLE listing_images_tbl(
    image_id VARCHAR(255),
    product_id VARCHAR(255),
    image_path VARCHAR(255),
    is_thumbnail TINYINT(1) DEFAULT 0,
    uploaded_at DATETIME DEFAULT CURRENT_TIMESTAMP,
    FOREIGN KEY (product_id) REFERENCES listing_tbl(product_id)
);

INSERT INTO listing_images_tbl (
    image_id, product_id, image_path, is_thumbnail, uploaded_at
) VALUES 
('IMG-LSG-001-01', 'LSG-001', '/images/procon_base_thumb.jpg', 1, '2025-09-20 10:05:00'),
('IMG-LSG-002-01', 'LSG-002', '/images/video_soft_thumb.jpg', 1, '2025-09-21 12:35:00'),
('IMG-LSG-003-01', 'LSG-003', '/images/mugcup_thumb.jpg', 1, '2025-09-22 15:05:00'),
('IMG-LSG-004-01', 'LSG-004', '/images/illust_course_thumb.jpg', 1, '2025-09-23 18:05:00'),
('IMG-LSG-005-01', 'LSG-005', '/images/daw_software_thumb.jpg', 1, '2025-09-24 09:35:00'),
('IMG-LSG-006-01', 'LSG-006', '/images/travel_seminar_thumb.jpg', 1, '2025-09-25 15:35:00'),
('IMG-LSG-007-01', 'LSG-007', '/images/web_base_thumb.jpg', 1, '2025-09-26 18:05:00'),
('IMG-LSG-008-01', 'LSG-008', '/images/camping_chair_thumb.jpg', 1, '2025-09-27 20:05:00'),
('IMG-LSG-009-01', 'LSG-009', '/images/design_ebook_thumb.jpg', 1, '2025-09-28 11:05:00'),
('IMG-LSG-010-01', 'LSG-010', '/images/bizdoc_set_thumb.jpg', 1, '2025-09-29 13:05:00'),
('IMG-LSG-011-01', 'LSG-011', '/images/dtm_tek_thumb.jpg', 1, '2025-09-30 16:05:00'),
('IMG-LSG-012-01', 'LSG-012', '/images/itreport_thumb.jpg', 1, '2025-10-01 10:05:00'),
('IMG-LSG-013-01', 'LSG-013', '/images/cosme_set_thumb.jpg', 1, '2025-10-02 11:35:00'),
('IMG-LSG-014-01', 'LSG-014', '/images/toeic_course_thumb.jpg', 1, '2025-10-03 14:05:00'),
('IMG-LSG-015-01', 'LSG-015', '/images/gym_prog_thumb.jpg', 1, '2025-10-04 17:05:00'),
('IMG-LSG-016-01', 'LSG-016', '/images/hiking_guide_thumb.jpg', 1, '2025-10-05 10:05:00'),
('IMG-LSG-017-01', 'LSG-017', '/images/react_procon_thumb.jpg', 1, '2025-10-06 14:05:00'),
('IMG-LSG-018-01', 'LSG-018', '/images/cloud_hands_thumb.jpg', 1, '2025-10-07 17:05:00'),
('IMG-LSG-019-01', 'LSG-019', '/images/kpop_dance_thumb.jpg', 1, '2025-10-08 10:05:00'),
('IMG-LSG-020-01', 'LSG-020', '/images/contract_set_thumb.jpg', 1, '2025-10-09 14:05:00'),
('IMG-LSG-021-01', 'LSG-021', '/images/recipe_video_thumb.jpg', 1, '2025-10-10 17:05:00'),
('IMG-LSG-022-01', 'LSG-022', '/images/ai_base_mori_thumb.jpg', 1, '2025-10-11 10:05:00'),
('IMG-LSG-023-01', 'LSG-023', '/images/ai_ethic_course_thumb.jpg', 1, '2025-10-12 13:35:00'),
('IMG-LSG-024-01', 'LSG-024', '/images/acoustic_chord_thumb.jpg', 1, '2025-10-13 16:05:00'),
('IMG-LSG-025-01', 'LSG-025', '/images/c_procon_thumb.jpg', 1, '2025-10-14 10:05:00'),
('IMG-LSG-026-01', 'LSG-026', '/images/volunteer_guide_thumb.jpg', 1, '2025-10-15 14:05:00'),
('IMG-LSG-027-01', 'LSG-027', '/images/color_theory_thumb.jpg', 1, '2025-10-16 11:05:00'),
('IMG-LSG-028-01', 'LSG-028', '/images/book_list_thumb.jpg', 1, '2025-10-17 15:05:00'),
('IMG-LSG-029-01', 'LSG-029', '/images/watch_repair_thumb.jpg', 1, '2025-10-18 18:05:00'),
('IMG-LSG-030-01', 'LSG-030', '/images/cpp_procon_thumb.jpg', 1, '2025-10-19 09:05:00');

----------------------------------------------------------------------



--取引情報テーブル
CREATE TABLE market_order_tbl(
    id INT AUTO_INCREMENT,						
    purchaser_id INT,					
    seller_id INT,					
    transaction_status CHAR(8),						
    transaction_startdate DATETIME DEFAULT CURRENT_TIMESTAMP,				
    transaction_completeddate DATETIME DEFAULT CURRENT_TIMESTAMP,    					
    total_amount INT(7),
    sales_profit INT(7),						
    shipping_cost INT(4),				
    total_commission INT(4),					
    shipping_status CHAR(8),			
    shipping_method	CHAR(16),			
    buyer_evaluation INT(1),				
    seller_evaluation INT(1),
    PRIMARY KEY(id)			
);

INSERT INTO market_order_tbl (
    id, purchaser_id, seller_id, transaction_status, transaction_startdate, transaction_completeddate, 
    total_amount, sales_profit, shipping_cost, total_commission, shipping_status, shipping_method, buyer_evaluation, seller_evaluation
) VALUES 
(1, 2, 5, '完了', '2025-10-01 10:00:00', '2025-10-05 15:30:00', 35000, 32000, 500, 2500, '発送済', 'ヤマト', 5, 5),
(2, 4, 1, '完了', '2025-10-02 11:30:00', '2025-10-07 10:00:00', 12000, 10500, 800, 700, '受取完了', 'クリックポスト', 4, 3),
(3, 7, 20, '完了', '2025-10-03 14:00:00', '2025-10-06 18:00:00', 5000, 4300, 500, 200, '発送済', 'ゆうパック', 5, 5),
(4, 25, 14, '完了', '2025-10-04 09:15:00', '2025-10-04 09:15:00', 2500, 2150, 0, 350, '非対象', 'データDL', 5, 4),
(5, 30, 2, '進行中', '2025-10-05 16:20:00', '2025-10-29 14:29:05', 49800, 45000, 1200, 3600, '準備中', '佐川急便', NULL, NULL),
(6, 11, 28, '完了', '2025-10-06 13:45:00', '2025-10-10 17:00:00', 7800, 7000, 800, 0, '受取完了', 'クリックポスト', 4, 4),
(7, 18, 15, 'キャンセル', '2025-10-07 10:00:00', '2025-10-07 10:05:00', 18000, 0, 0, 0, '中止', 'データDL', 1, 1),
(8, 22, 9, '完了', '2025-10-08 17:10:00', '2025-10-12 11:30:00', 62000, 55000, 1500, 5500, '発送済', 'ゆうパック', 5, 5),
(9, 9, 29, '完了', '2025-10-09 12:00:00', '2025-10-14 13:00:00', 1000, 850, 0, 150, '非対象', 'データDL', 3, 2),
(10, 19, 11, '進行中', '2025-10-10 18:00:00', '2025-10-29 14:29:05', 4000, 3500, 500, 0, '発送待', 'ヤマト', NULL, NULL),
(11, 6, 26, '完了', '2025-10-11 08:30:00', '2025-10-13 16:45:00', 70000, 63000, 0, 7000, '非対象', 'データDL', 5, 5),
(12, 13, 23, '完了', '2025-10-12 14:50:00', '2025-10-16 12:00:00', 1800, 1500, 300, 0, '受取完了', 'クリックポスト', 3, 4),
(13, 27, 8, '完了', '2025-10-13 11:00:00', '2025-10-13 11:00:00', 2800, 2500, 0, 300, '非対象', 'データDL', 5, 5),
(14, 15, 17, '完了', '2025-10-14 16:30:00', '2025-10-18 09:00:00', 3000, 2600, 400, 0, '発送済', 'ゆうパック', 4, 5),
(15, 29, 3, '進行中', '2025-10-15 09:00:00', '2025-10-29 14:29:05', 4500, 4000, 500, 0, '発送待', 'レターパック', NULL, NULL),
(16, 1, 19, '完了', '2025-10-16 17:45:00', '2025-10-16 17:45:00', 4000, 3600, 0, 400, '非対象', 'データDL', 5, 5),
(17, 3, 16, '完了', '2025-10-17 12:00:00', '2025-10-21 15:00:00', 5000, 4300, 700, 0, '発送済', 'ヤマト', 4, 3),
(18, 20, 21, '進行中', '2025-10-18 10:00:00', '2025-10-29 14:29:05', 3200, 2800, 400, 0, '発送待', 'クリックポスト', NULL, NULL),
(19, 12, 10, '完了', '2025-10-19 14:30:00', '2025-10-19 14:30:00', 49800, 45000, 0, 4800, '非対象', 'データDL', 5, 5),
(20, 26, 6, '完了', '2025-10-20 11:00:00', '2025-10-24 16:00:00', 8000, 7200, 800, 0, '受取完了', 'ゆうパック', 4, 5),
(21, 17, 24, '完了', '2025-10-21 09:30:00', '2025-10-21 09:30:00', 12000, 10800, 0, 1200, '非対象', 'データDL', 5, 4),
(22, 8, 22, '完了', '2025-10-22 15:45:00', '2025-10-26 10:30:00', 55000, 50000, 1000, 4000, '発送済', '佐川急便', 4, 4),
(23, 10, 13, '進行中', '2025-10-23 11:00:00', '2025-10-29 14:29:05', 10000, 9000, 0, 1000, '発送待', 'データDL', NULL, NULL),
(24, 14, 25, '完了', '2025-10-24 13:00:00', '2025-10-24 13:00:00', 2500, 2150, 350, 0, '発送済', 'クリックポスト', 5, 5),
(25, 21, 7, '完了', '2025-10-25 16:00:00', '2025-10-29 11:00:00', 6500, 5800, 700, 0, '受取完了', 'ヤマト', 4, 4),
(26, 28, 12, '完了', '2025-10-26 10:30:00', '2025-10-26 10:30:00', 4800, 4320, 0, 480, '非対象', 'データDL', 5, 5),
(27, 5, 27, '完了', '2025-10-27 14:00:00', '2025-10-27 14:00:00', 9800, 9000, 0, 800, '非対象', 'データDL', 4, 5),
(28, 16, 18, '進行中', '2025-10-28 09:00:00', '2025-10-29 14:29:05', 25000, 22000, 3000, 0, '準備中', '佐川急便', NULL, NULL),
(29, 23, 4, 'キャンセル', '2025-10-29 11:00:00', '2025-10-29 11:05:00', 3200, 0, 0, 0, '中止', 'クリックポスト', 1, 1),
(30, 1, 30, '完了', '2025-10-29 13:30:00', '2025-10-29 13:30:00', 3000, 2700, 0, 300, '非対象', 'データDL', 5, 5);
----------------------------------------------------------------------

--取引メッセージテーブル
CREATE TABLE order_message_tbl(
    id INT AUTO_INCREMENT,				
    order_message_date DATETIME DEFAULT CURRENT_TIMESTAMP,					
    order_message_user_id CHAR(64),			
    transaction_id INT,		
    order_message_text VARCHAR(128),
    PRIMARY KEY(id,order_message_user_id,transaction_id)		
);


INSERT INTO order_message_tbl (
    id, order_message_date, order_message_user_id, transaction_id, order_message_text
) VALUES 
(1, '2025-10-01 10:15:00', 'tk_inoue', 1, '購入手続きが完了しました。発送予定日を教えていただけますか？'),
(2, '2025-10-01 11:00:00', 'yui_sato', 1, 'ありがとうございます。明日午前中に発送予定です。'),
(3, '2025-10-02 12:00:00', 'yui_sato', 1, '発送が完了しました。追跡番号をお知らせします。'),
(4, '2025-10-02 11:45:00', 'h_yamada', 2, 'この度はありがとうございました。すぐにダウンロードします。'),
(5, '2025-10-03 14:30:00', 'yuma_matsui', 3, '商品を受け取りました。迅速な対応に感謝します。'),
(6, '2025-10-04 10:00:00', 'ryota_morita', 4, 'データ確認しました。大変役立ちそうです。'),
(7, '2025-10-05 16:30:00', 'yui_sato', 5, 'ご連絡いただきありがとうございます。商品準備中です。'),
(8, '2025-10-06 14:00:00', 'sakura_kato', 6, '商品を受け取りました。状態も良く満足です。'),
(9, '2025-10-07 10:10:00', 'haruto_endo', 7, 'すみません、誤って購入したためキャンセルをお願いします。'),
(10, '2025-10-07 10:15:00', 'nanami_kudo', 7, '承知いたしました。キャンセル処理を行います。'),
(11, '2025-10-08 17:30:00', 'takumi_sakai', 8, '無事届きました。ありがとうございました。'),
(12, '2025-10-09 12:30:00', 'rino_fujita', 9, 'ダウンロードリンクの件、確認しました。'),
(13, '2025-10-10 18:30:00', 'mana_shimizu', 10, '明日発送予定です。今しばらくお待ちください。'),
(14, '2025-10-11 09:00:00', 'kana_ishida', 10, '承知しました。楽しみにしています。'),
(15, '2025-10-11 10:00:00', 'shun_mori', 11, 'データが届きました。内容を確認します。'),
(16, '2025-10-12 15:00:00', 'momoka_oishi', 12, '商品に問題はありませんでした。ありがとうございます。'),
(17, '2025-10-13 11:10:00', 'm_hoshi_123', 13, '迅速なデータ送付、感謝いたします。'),
(18, '2025-10-14 16:40:00', 'mana_shimizu', 14, '明日、発送いたします。'),
(19, '2025-10-15 09:05:00', 'yuki_oshima', 15, '入金完了しました。よろしくお願いいたします。'),
(20, '2025-10-16 17:50:00', 'rino_fujita', 16, 'すぐに使わせていただきます。'),
(21, '2025-10-17 12:15:00', 'h_yamada', 17, '発送ありがとうございました。到着を待ちます。'),
(22, '2025-10-18 10:30:00', 'yuma_matsui', 18, 'いつ頃の発送になりますでしょうか？'),
(23, '2025-10-18 10:45:00', 'kana_ishida', 18, '準備ができ次第すぐに連絡します。少々お待ちください。'),
(24, '2025-10-19 14:40:00', 'jun_suzuki', 19, 'データ無事に受け取りました。'),
(25, '2025-10-20 11:15:00', 'shun_mori', 20, 'この度はスムーズな取引ありがとうございました。'),
(26, '2025-10-21 09:40:00', 'mana_shimizu', 21, 'ファイルが開けるか確認しました。問題ありません。'),
(27, '2025-10-22 16:00:00', 'takumi_sakai', 22, '商品が無事届きました。早速使います。'),
(28, '2025-10-23 11:30:00', 'jun_suzuki', 23, '入金手続きを行いました。データ配信をお願いします。'),
(29, '2025-10-24 13:10:00', 'ryota_morita', 24, '発送ありがとうございました。受け取り次第評価します。'),
(30, '2025-10-25 16:20:00', 'kana_ishida', 25, 'セミナー資料のダウンロード確認できました。');
---------------------------------------------------------------------


--投稿フィードアップロードテーブル
CREATE TABLE post_tbl(
    id INT AUTO_INCREMENT,					
    user_id INT,				
    post_date DATETIME DEFAULT CURRENT_TIMESTAMP,			
    post_text VARCHAR(255),			
    post_media VARCHAR(255),		
    post_update_date DATETIME DEFAULT CURRENT_TIMESTAMP,				
    post_report_flag TINYINT(1) DEFAULT 0,				
    post_status	TINYINT(1) DEFAULT 1,
    PRIMARY KEY(id)			
);


INSERT INTO post_tbl (
    id, user_id, post_date, post_text, post_media, post_update_date, post_report_flag, post_status
) VALUES 
(1, 1, '2025-10-28 10:00:00', '新しいギターフレーズが完成！コード進行の解説動画も近日アップします。#ギター #作曲', '/media/posts/post_guitar_phrase.jpg', '2025-10-28 10:00:00', 0, 1),
(2, 2, '2025-10-28 11:30:00', '今日のランチは手作り和食🍱。盛り付けのコツはデザインのレイアウトに似ていますね。', '/media/posts/post_lunch_design.jpg', '2025-10-28 11:30:00', 0, 1),
(3, 5, '2025-10-28 13:45:00', 'Reactの最新フック、皆さんもう試しましたか？パフォーマンス改善のチートシートを公開中！ #プログラミング', '/media/posts/post_react_hook.txt', '2025-10-28 13:45:00', 0, 1),
(4, 18, '2025-10-28 15:00:00', 'TOEIC満点への道！リスニングのコツはディクテーションだと改めて実感。', NULL, '2025-10-28 15:00:00', 0, 1),
(5, 7, '2025-10-28 16:20:00', '沖縄の美しい夕日をVlogに。このグラデーションの編集が難しい…！', '/media/posts/post_okinawa_sunset.mp4', '2025-10-28 16:20:00', 0, 1),
(6, 13, '2025-10-28 17:50:00', '新しいデジタルペイントブラシを試しています。質感の表現が面白い！', '/media/posts/post_new_brush.png', '2025-10-28 17:50:00', 0, 1),
(7, 25, '2025-10-28 19:10:00', '今夜は時短レシピで麻婆豆腐。豆板醤は少なめがポイントです✨', '/media/posts/post_mapotofu.jpg', '2025-10-28 19:10:00', 0, 1),
(8, 9, '2025-10-29 08:00:00', 'デザインコンペの結果、残念ながら落選。次の作品に向けて切り替えます！', NULL, '2025-10-29 08:00:00', 0, 1),
(9, 10, '2025-10-29 09:30:00', '新曲のミックスダウン完了。低音の響きにこだわりました。', '/media/posts/post_new_song_audio.mp3', '2025-10-29 09:30:00', 0, 1),
(10, 14, '2025-10-29 10:45:00', '最近のマーケティングトレンドは「体験価値」。資料をアップデートしました。', '/media/posts/post_marketing_update.pdf', '2025-10-29 10:45:00', 0, 1),
(11, 22, '2025-10-29 12:00:00', 'サーバー移管が無事完了！これで処理速度が30%向上しました。', NULL, '2025-10-29 12:00:00', 0, 1),
(12, 6, '2025-10-29 13:15:00', '着物でお茶会へ👘。季節の柄を選ぶのが楽しい時間です。', '/media/posts/post_kimono.jpg', '2025-10-29 13:15:00', 0, 1),
(13, 19, '2025-10-29 14:30:00', '今日のトレーニング記録。ベンチプレス自己ベスト更新💪', NULL, '2025-10-29 14:30:00', 0, 1),
(14, 26, '2025-10-29 15:40:00', 'AI倫理に関する記事が炎上中。技術者としての責任を改めて考えます。', NULL, '2025-10-29 15:40:00', 1, 1),
(15, 23, '2025-10-29 16:50:00', '今期の韓ドラ、最終回が泣ける😭。皆さんのおすすめは何ですか？', NULL, '2025-10-29 16:50:00', 0, 1),
(16, 16, '2025-10-30 09:00:00', '新しいビジネスアイデアをブレスト中。スタートアップの仲間募集中です！', NULL, '2025-10-30 09:00:00', 0, 1),
(17, 30, '2025-10-30 10:30:00', '配色ツールの使い方講座を公開。デザイン初心者必見です🎨', '/media/posts/post_color_tool.mp4', '2025-10-30 10:30:00', 0, 1),
(18, 20, '2025-10-30 12:45:00', '秋の味覚、サンマの塩焼き！旬の魚はやっぱり最高ですね。', '/media/posts/post_sanma.jpg', '2025-10-30 12:45:00', 0, 1),
(19, 11, '2025-10-30 14:00:00', '次の旅行はどこへ行こうかな。旅の計画を立てるのも楽しい。', NULL, '2025-10-30 14:00:00', 0, 1),
(20, 4, '2025-10-30 15:15:00', '来月からの海外ボランティア準備中。持ち物リストを公開します。', '/media/posts/post_volunteer_list.pdf', '2025-10-30 15:15:00', 0, 1),
(21, 28, '2025-10-30 16:30:00', '夜景ポートレートの新しい現像方法を発見。雰囲気が劇的に変わります。', '/media/posts/post_night_photo.jpg', '2025-10-30 16:30:00', 0, 1),
(22, 17, '2025-10-30 17:40:00', '秋服の着回しコーデをアップ。プチプラアイテムも賢く使えば高見え！', '/media/posts/post_autumn_coord.jpg', '2025-10-30 17:40:00', 0, 1),
(23, 29, '2025-10-31 09:00:00', '地域の清掃活動に参加しました！ゴミ拾いも立派な地域貢献。', NULL, '2025-10-31 09:00:00', 0, 1),
(24, 21, '2025-10-31 10:30:00', '先週末の登山で撮った紅葉の写真。最高の景色でした🍁', '/media/posts/post_mountain_autumn.jpg', '2025-10-31 10:30:00', 0, 1),
(25, 24, '2025-10-31 12:00:00', '新しいロゴデザインが完成！依頼主様にも喜んでもらえて一安心。', '/media/posts/post_new_logo.png', '2025-10-31 12:00:00', 0, 1),
(26, 3, '2025-10-31 13:45:00', '最新の動画編集ソフトのレビュー。前バージョンと比較してみました。', '/media/posts/post_video_review.mp4', '2025-10-31 13:45:00', 0, 1),
(27, 12, '2025-10-31 15:00:00', '先日購入したキャンプギアのレビュー。デザインと機能性を両立！', '/media/posts/post_camp_gear.jpg', '2025-10-31 15:00:00', 0, 1),
(28, 15, '2025-10-31 16:20:00', 'DTMで使う無料プラグインのまとめ。コスパ最強のツールを紹介！', '/media/posts/post_dtm_plugin.pdf', '2025-10-31 16:20:00', 0, 1),
(29, 27, '2025-10-31 17:30:00', '今日は特にネタがないですが、近況報告。仕事頑張ります！', NULL, '2025-10-31 17:30:00', 0, 0),
(30, 8, '2025-10-31 18:40:00', '料理教室で習ったパン作り。次は自宅で挑戦します🍞', '/media/posts/post_bread_making.jpg', '2025-10-31 18:40:00', 1, 1);
------------------------------------------------------

--投稿フィードいいねテーブル
CREATE TABLE feed_like_tbl(
    id INT AUTO_INCREMENT,
    post_id INT,
    user_id INT,
    like_time DATETIME DEFAULT CURRENT_TIMESTAMP,
    PRIMARY KEY(id), 
    FOREIGN KEY (post_id) REFERENCES post_tbl(id)
);

INSERT INTO feed_like_tbl (post_id, user_id, like_time)
VALUES
(1, 3, '2025-10-01 10:23:45'),
(2, 5, '2025-10-01 11:02:18'),
(3, 2, '2025-10-01 11:37:09'),
(4, 6, '2025-10-01 12:14:22'),
(5, 8, '2025-10-01 12:50:11'),
(6, 10, '2025-10-01 13:09:56'),
(7, 1, '2025-10-01 13:28:40'),
(8, 4, '2025-10-01 13:57:33'),
(9, 7, '2025-10-01 14:23:17'),
(10, 9, '2025-10-01 14:46:02'),
(11, 12, '2025-10-02 09:05:12'),
(12, 14, '2025-10-02 09:28:21'),
(13, 16, '2025-10-02 09:56:30'),
(14, 11, '2025-10-02 10:14:45'),
(15, 15, '2025-10-02 10:42:19'),
(16, 17, '2025-10-02 11:08:53'),
(17, 18, '2025-10-02 11:24:37'),
(18, 13, '2025-10-02 11:57:02'),
(19, 19, '2025-10-02 12:23:48'),
(20, 20, '2025-10-02 12:41:29'),
(21, 22, '2025-10-03 09:08:54'),
(22, 23, '2025-10-03 09:27:31'),
(23, 21, '2025-10-03 09:45:42'),
(24, 25, '2025-10-03 10:01:56'),
(25, 24, '2025-10-03 10:18:15'),
(26, 26, '2025-10-03 10:32:48'),
(27, 27, '2025-10-03 10:58:09'),
(28, 28, '2025-10-03 11:15:37'),
(29, 29, '2025-10-03 11:39:44'),
(30, 30, '2025-10-03 11:55:02');
------------------------------------------------------


--投稿フィードコメントテーブル
CREATE TABLE feed_comment_tbl(
    id INT AUTO_INCREMENT,					
    user_id	INT,					
    post_id	INT,			
    post_text VARCHAR(128),			
    comment_date DATETIME DEFAULT CURRENT_TIMESTAMP,					
    father_comment_id INT,
    PRIMARY KEY(id),
    FOREIGN KEY (post_id) REFERENCES post_tbl(id)				
);

INSERT INTO feed_comment_tbl (
    id, user_id, post_id, post_text, comment_date, father_comment_id
) VALUES 
(1, 10, 1, 'コード進行、楽しみにしています！ぜひ早めに公開してください。', '2025-10-28 10:30:00', NULL),
(2, 1, 1, 'ありがとうございます！現在最終調整中です。', '2025-10-28 11:00:00', 1),
(3, 4, 2, 'この盛り付け、本当に美しいですね！真似させていただきます。', '2025-10-28 12:00:00', NULL),
(4, 2, 2, 'デザインの参考になりますよね！ぜひ試してみてください。', '2025-10-28 12:45:00', 3),
(5, 12, 3, 'チートシート助かります！早速業務で使ってみます。', '2025-10-28 14:00:00', NULL),
(6, 5, 3, 'お役に立てて嬉しいです！', '2025-10-28 14:15:00', 5),
(7, 20, 4, 'ディクテーション、私も効果を感じています。教材は何を使われていますか？', '2025-10-28 15:30:00', NULL),
(8, 18, 4, '私は市販の公式問題集の音源を使っていますよ！', '2025-10-28 16:00:00', 7),
(9, 3, 5, '夕日、本当に綺麗ですね！Vlogの完成が楽しみです。', '2025-10-28 16:40:00', NULL),
(10, 7, 5, 'ありがとうございます！色補正に苦労しています…。', '2025-10-28 17:00:00', 9),
(11, 28, 6, 'ブラシの質感がリアルですね！購入先を教えていただけますか？', '2025-10-28 18:00:00', NULL),
(12, 13, 6, 'このブラシは「ArtStation」で見つけました！', '2025-10-28 18:30:00', 11),
(13, 8, 7, '麻婆豆腐美味しそう！豆板醤少なめ、メモしておきます✍️', '2025-10-28 19:30:00', NULL),
(14, 25, 7, '試してみてください！辛いのが苦手な方におすすめです。', '2025-10-28 20:00:00', 13),
(15, 17, 8, 'お疲れ様でした。次の作品に期待しています！', '2025-10-29 08:30:00', NULL),
(16, 1, 8, '温かいメッセージありがとうございます。', '2025-10-29 09:00:00', 15),
(17, 26, 9, 'ミックスダウン後の音源聴きました！低音が効いていて最高です！', '2025-10-29 10:00:00', NULL),
(18, 10, 9, 'ありがとうございます！こだわった甲斐がありました！', '2025-10-29 10:45:00', 17),
(19, 14, 10, '資料ダウンロードしました。いつもありがとうございます。', '2025-10-29 11:00:00', NULL),
(20, 22, 11, '30%向上はすごいですね！具体的な改善策に興味があります。', '2025-10-29 12:30:00', NULL),
(21, 6, 12, 'お着物姿、素敵です。どちらへお出かけですか？', '2025-10-29 13:45:00', NULL),
(22, 19, 13, '自己ベスト更新おめでとうございます！継続は力ですね。', '2025-10-29 15:00:00', NULL),
(23, 10, 14, 'この記事、読みました。技術と倫理のバランスは難しい問題ですね。', '2025-10-29 16:00:00', NULL),
(24, 23, 15, '私は最近「愛の不時着」を見終えました！本当に感動的でした。', '2025-10-29 17:15:00', NULL),
(25, 29, 16, '素晴らしいアイデア！ぜひ協力させてください。', '2025-10-30 09:30:00', NULL),
(26, 30, 17, '配色ツール、早速ダウンロードしました。勉強になります！', '2025-10-30 11:00:00', NULL),
(27, 4, 18, '美味しそうなサンマですね！秋を感じます。', '2025-10-30 13:00:00', NULL),
(28, 28, 21, '現像方法、とても気になります！どこかで公開される予定はありますか？', '2025-10-30 17:00:00', NULL),
(29, 17, 22, 'この着回し、真似したいです！アイテムの詳細をお願いします。', '2025-10-30 18:00:00', NULL),
(30, 24, 25, '新しいロゴ、シンプルで力強くて素敵です。', '2025-10-31 12:30:00', NULL);

------------------------------------------------------

--講義動画テーブル
CREATE TABLE video_tbl(
    id INT AUTO_INCREMENT,					
    video_title CHAR(32),						
    video_length INT(5),	
    video_uploader_id INT,					
    video_upload_date DATETIME DEFAULT CURRENT_TIMESTAMP,				
    video_description_section VARCHAR(255),			
    video_public_status TINYINT(1),		
    video_category CHAR(16),						
    video_tag CHAR(16),	
    video_report_flag TINYINT(1) DEFAULT 0,						
    video_popularity_index FLOAT,			
    view_count INT(10),	
    like_count INT(10),				
    comment_count INT(10),					
    file_path VARCHAR(255),
    PRIMARY KEY(id, video_uploader_id)
);
-- 同じ言葉がタイトルに入っている動画が５本ほしい

INSERT INTO video_tbl (
    video_title,
    video_length,
    video_uploader_id,
    video_description_section,
    video_public_status,
    video_category,
    video_tag,
    video_report_flag,
    video_popularity_index,
    view_count,
    like_count,
    comment_count,
    file_path
)
VALUES
('Python入門① 変数と型の基礎',720,1,'Pythonの基本構文とデータ型について解説します。',1,'プログラミング','Python',0,4.8,1245,210,34,'/videos/python_intro_1.mp4'),
('Python入門② 条件分岐とループ',680,1,'if文とfor文を使った基本的な処理を学びます。',1,'プログラミング','Python',0,4.7,1120,198,29,'/videos/python_intro_2.mp4'),
('Python入門③ 関数の作り方',755,2,'関数定義とreturn文の使い方を解説します。',1,'プログラミング','Python',0,4.9,1340,230,41,'/videos/python_intro_3.mp4'),
('Python入門④ リストと辞書',700,2,'リストと辞書の使い分けと応用方法を紹介します。',1,'プログラミング','Python',0,4.8,1264,221,36,'/videos/python_intro_4.mp4'),
('Python入門⑤ ファイル操作',840,3,'ファイルの読み書き方法とwith構文の使い方を学びます。',1,'プログラミング','Python',0,4.9,1452,258,44,'/videos/python_intro_5.mp4'),

('AIの基礎と応用',920,4,'人工知能の基本概念と応用分野を紹介します。',1,'AI','MachineLearning',0,4.6,987,176,21,'/videos/ai_basics.mp4'),
('HTMLとCSSの基礎',780,5,'Web制作のためのHTMLとCSS入門講座です。',1,'Web','HTML',0,4.5,876,164,19,'/videos/html_css_intro.mp4'),
('JavaScriptイベント処理',840,6,'JavaScriptでのイベント制御方法を説明します。',1,'Web','JavaScript',0,4.4,934,152,18,'/videos/js_event.mp4'),
('Reactコンポーネントの作成',960,7,'ReactでのUIコンポーネント開発を解説します。',1,'Web','React',0,4.7,1045,182,25,'/videos/react_components.mp4'),
('SQLデータ操作入門',890,8,'SQLのSELECT・INSERT・UPDATEの基本を学びます。',1,'データベース','SQL',0,4.5,812,141,16,'/videos/sql_basics.mp4'),

('Linuxコマンド基礎',640,9,'ターミナルでの基本操作を紹介します。',1,'システム','Linux',0,4.3,742,120,14,'/videos/linux_commands.mp4'),
('GitとGitHubの使い方',770,10,'ソースコードのバージョン管理の基本を学びます。',1,'開発ツール','Git',0,4.8,1321,207,28,'/videos/git_github.mp4'),
('Docker基礎',810,11,'Dockerの概念と基本コマンドを解説します。',1,'インフラ','Docker',0,4.7,998,168,20,'/videos/docker_intro.mp4'),
('C言語ポインタ入門',880,12,'ポインタの考え方と使用方法を理解します。',1,'プログラミング','C言語',0,4.6,923,150,17,'/videos/c_pointer.mp4'),
('Java基礎クラス設計',930,13,'オブジェクト指向の基礎とクラス設計を学びます。',1,'プログラミング','Java',0,4.8,1154,192,22,'/videos/java_classes.mp4'),

('機械学習モデル評価',910,14,'精度や再現率などの評価指標を解説します。',1,'AI','MachineLearning',0,4.6,1040,176,23,'/videos/ml_evaluation.mp4'),
('深層学習入門',980,15,'ニューラルネットワークの基礎を学びます。',1,'AI','DeepLearning',0,4.9,1583,240,32,'/videos/dl_intro.mp4'),
('自然言語処理の基礎',870,16,'文章データの解析方法を学びます。',1,'AI','NLP',0,4.5,896,158,19,'/videos/nlp_basics.mp4'),
('UIデザイン原則',760,17,'見やすく美しいUIデザインの基本を紹介します。',1,'デザイン','UI',0,4.4,754,128,15,'/videos/ui_design.mp4'),
('UXデザインの考え方',820,18,'ユーザー体験を重視した設計方法を学びます。',1,'デザイン','UX',0,4.5,882,140,18,'/videos/ux_design.mp4'),

('Flutterアプリ開発入門',970,19,'モバイルアプリ開発の基本を学ぶ講座です。',1,'モバイル','Flutter',0,4.7,1160,198,26,'/videos/flutter_intro.mp4'),
('SwiftUI基礎講座',890,20,'iOS開発に必要なSwiftUIの基本を解説します。',1,'モバイル','Swift',0,4.6,1083,172,21,'/videos/swiftui_basics.mp4'),
('Unityゲーム制作①',1030,21,'Unityでの2Dゲーム制作を紹介します。',1,'ゲーム','Unity',0,4.8,1204,204,27,'/videos/unity_game_1.mp4'),
('Unityゲーム制作②',980,21,'スクリプトを使ったキャラクター操作を解説します。',1,'ゲーム','Unity',0,4.7,1137,193,25,'/videos/unity_game_2.mp4'),
('Blender3Dモデリング',960,22,'3Dモデリングの基本操作を学びます。',1,'デザイン','Blender',0,4.6,985,168,20,'/videos/blender_3d.mp4'),

('Excel活用テクニック',780,23,'仕事効率を上げるExcelの便利機能を紹介します。',1,'ビジネス','Excel',0,4.5,843,137,17,'/videos/excel_tips.mp4'),
('PowerPoint資料作成',810,24,'伝わる資料の作り方を学ぶ講座です。',1,'ビジネス','PowerPoint',0,4.6,910,149,19,'/videos/ppt_design.mp4'),
('データ可視化入門',830,25,'グラフやチャートを使ったデータ可視化方法を紹介します。',1,'データ','Visualization',0,4.7,998,162,20,'/videos/data_viz_intro.mp4'),
('セキュリティ基礎',880,26,'情報セキュリティの基本とリスク対策を学びます。',1,'IT','Security',0,4.5,942,153,18,'/videos/security_basics.mp4'),
('IoTの世界',910,27,'IoT技術の概要と実生活での応用例を紹介します。',1,'IT','IoT',0,4.6,1020,167,21,'/videos/iot_world.mp4');
------------------------------------------------------


--講義動画いいねテーブル
CREATE TABLE video_like_tbl(
    id INT AUTO_INCREMENT,			
    video_id INT,				
    video_uploader_id INT,					
    video_like_date DATETIME CURRENT_TIMESTAMP,
    PRIMARY KEY(id),
    FOREIGN KEY (video_id) REFERENCES video_tbl(id)		 
);

INSERT INTO video_like_tbl (video_id, video_uploader_id, video_like_date)
VALUES
(1, 3, '2025-10-01 09:12:34'),
(1, 5, '2025-10-01 09:45:21'),
(2, 7, '2025-10-01 10:03:52'),
(2, 9, '2025-10-01 10:37:16'),
(3, 11, '2025-10-01 11:04:08'),
(3, 14, '2025-10-01 11:25:33'),
(4, 6, '2025-10-01 11:59:42'),
(4, 8, '2025-10-01 12:15:09'),
(5, 10, '2025-10-01 12:39:51'),
(5, 13, '2025-10-01 13:02:27'),
(6, 15, '2025-10-01 13:19:18'),
(6, 17, '2025-10-01 13:46:50'),
(7, 19, '2025-10-01 14:07:42'),
(7, 12, '2025-10-01 14:30:26'),
(8, 16, '2025-10-01 14:58:07'),
(8, 18, '2025-10-01 15:12:45'),
(9, 20, '2025-10-01 15:34:09'),
(9, 21, '2025-10-01 15:55:30'),
(10, 22, '2025-10-01 16:14:54'),
(10, 24, '2025-10-01 16:33:40'),
(11, 25, '2025-10-02 09:11:19'),
(11, 27, '2025-10-02 09:32:08'),
(12, 23, '2025-10-02 09:51:36'),
(12, 29, '2025-10-02 10:10:47'),
(13, 28, '2025-10-02 10:39:23'),
(13, 30, '2025-10-02 10:55:01'),
(14, 26, '2025-10-02 11:21:15'),
(14, 19, '2025-10-02 11:44:42'),
(15, 17, '2025-10-02 12:03:09'),
(15, 20, '2025-10-02 12:29:57');
------------------------------------------------------

--講義動画コメントテーブル
CREATE TABLE video_comment_tbl(
    comment_id INT AUTO_INCREMENT,				
    video_id INT,					
    commentor_id INT,					
    comment_date DATETIME DEFAULT CURRENT_TIMESTAMP,				
    comment_text VARCHAR(128),					
    parent_comment_id INT,
    PRIMARY KEY(comment_id),
    FOREIGN KEY (video_id) REFERENCES video_tbl(id)
);

INSERT INTO video_comment_tbl (video_id, commentor_id, comment_text, parent_comment_id)
VALUES
(1, 3, 'とてもわかりやすい説明でした！', NULL),
(1, 5, '初心者でも理解できました。ありがとうございます！', NULL),
(2, 8, 'もう少し具体的な例があると嬉しいです。', NULL),
(2, 2, 'この部分が少し難しかったです。', NULL),
(3, 6, '関数の説明が丁寧で助かりました。', NULL),
(3, 4, 'ノートを取りながら見ています。勉強になります！', NULL),
(4, 7, 'Python入門シリーズ最高です！', NULL),
(4, 9, '次の章も楽しみにしています。', NULL),
(5, 10, 'ファイル操作の部分が特に参考になりました。', NULL),
(5, 1, '毎回動画の質が高いです。感謝！', NULL),
(6, 11, 'AIの基礎がよく理解できました。', NULL),
(6, 13, 'グラフの説明がわかりやすかったです。', NULL),
(7, 15, 'HTMLとCSSの講座、とても楽しかった！', NULL),
(7, 12, '次はJavaScriptの回もお願いします。', NULL),
(8, 14, 'イベント処理のサンプルコードが参考になります。', NULL),
(8, 16, 'DOMの説明が少し早かったかも。', NULL),
(9, 18, 'Reactの使い方がよく理解できました。', NULL),
(9, 17, '実際にコードを書いてみたくなりました。', NULL),
(10, 19, 'SQLのSELECTの部分が特に役立ちました。', NULL),
(10, 20, '動画のテンポがちょうどいいです。', NULL),
(11, 21, 'Linuxコマンドの例が豊富で助かりました。', NULL),
(11, 22, '初心者にも優しい解説です。', NULL),
(12, 23, 'Gitの操作がやっと理解できました。', NULL),
(12, 24, 'コミットとプッシュの違いがよくわかりました！', NULL),
(13, 25, 'Dockerの概念がイメージしやすかったです。', NULL),
(13, 26, 'もう少し実践的な例も見たいです。', NULL),
(14, 27, 'C言語のポインタ説明が神レベルでした！', NULL),
(14, 28, 'スライド資料も一緒にあればもっと良いです。', NULL),
(15, 29, 'Javaのクラス設計の解説、理解が深まりました。', NULL),
(15, 30, 'オブジェクト指向の部分が特に参考になりました。', NULL);
------------------------------------------------------


--サポートテーブル
CREATE TABLE support_tbl(
    id INT AUTO_INCREMENT,	
    category CHAR(16),					
    content VARCHAR(255),			
    inquiry_user_id INT,				
    send_date DATETIME DEFAULT CURRENT_TIMESTAMP,				
    receiving_date DATETIME DEFAULT CURRENT_TIMESTAMP,						
    response_status CHAR(16),				
    response_date DATETIME DEFAULT CURRENT_TIMESTAMP,			
    attached_file VARCHAR(255),				
    response_content VARCHAR(255),
    PRIMARY KEY(id)				 
);

INSERT INTO support_tbl (
    category,
    content,
    inquiry_user_id,
    response_status,
    attached_file,
    response_content
)
VALUES
('ログイン', 'ログインができません。パスワードを再設定してもエラーになります。', 1, '対応完了', NULL, 'パスワード再設定URLを再送しました。'),
('動画', '講義動画が途中で止まります。通信環境は問題ありません。', 2, '対応中', NULL, '動画サーバーを確認中です。'),
('決済', '有料コースの支払いが完了したのに視聴できません。', 3, '対応完了', NULL, 'システム反映を手動で行いました。'),
('アカウント', '登録メールアドレスを変更したいです。', 4, '対応完了', NULL, '変更用リンクを送信しました。'),
('不具合', 'スマホ版でボタンが押せません。', 5, '対応中', '/img/bug_screenshot_1.png', '開発チームに報告しました。'),
('機能要望', 'ダークモードを追加してほしいです。', 6, '対応完了', NULL, '次回アップデートで対応予定です。'),
('講義内容', '動画内の説明に誤字がありました。', 7, '対応完了', '/img/typo_report.png', '講師に共有し修正を依頼しました。'),
('支払い', '領収書を再発行したいです。', 8, '対応完了', NULL, 'PDF形式で再発行しました。'),
('講師', '講師に質問を送りたいです。', 9, '対応中', NULL, '講師用フォームを案内しました。'),
('アプリ', 'iOSアプリが起動しません。', 10, '対応完了', '/img/app_crash.png', '最新版にアップデートしてください。'),
('ログイン', '二段階認証コードが届きません。', 11, '対応完了', NULL, 'メール配信システムを再送信しました。'),
('動画', '音声が小さい動画があります。', 12, '対応完了', NULL, '音量を調整し再公開しました。'),
('決済', 'クレジットカード情報を変更したい。', 13, '対応完了', NULL, 'マイページから変更可能です。'),
('講義内容', '説明スライドが表示されません。', 14, '対応中', '/img/missing_slide.png', '教材チームが確認中です。'),
('不具合', 'コメント欄が表示されない。', 15, '対応完了', NULL, 'UIを修正し解決しました。'),
('アカウント', '誤ってアカウントを削除してしまいました。', 16, '対応中', NULL, '復旧可能か確認中です。'),
('機能要望', '倍速再生にもう1段階追加してほしい。', 17, '対応完了', NULL, '次期バージョンで追加します。'),
('動画', '再生速度が勝手に変わります。', 18, '対応中', NULL, '動作ログを収集中です。'),
('支払い', 'クーポンコードが使えません。', 19, '対応完了', NULL, '有効期限切れでした。別コードを発行しました。'),
('講師', '担当講師の変更を希望します。', 20, '対応完了', NULL, 'サポートチームで対応しました。'),
('講義内容', '課題ファイルがダウンロードできません。', 21, '対応中', '/img/download_error.png', 'サーバー側を調査中です。'),
('不具合', 'マイページが真っ白になります。', 22, '対応完了', NULL, 'キャッシュクリアで解決しました。'),
('決済', '請求金額が正しくありません。', 23, '対応中', NULL, '経理チームが確認中です。'),
('アプリ', 'Android版で動画が再生されません。', 24, '対応完了', NULL, '再生プレイヤーを修正しました。'),
('ログイン', 'ログイン後すぐにログアウトされます。', 25, '対応中', NULL, 'セッション設定を調整しています。'),
('動画', '字幕が途中で消えます。', 26, '対応完了', NULL, '字幕データを更新しました。'),
('支払い', '領収書の宛名を変更したい。', 27, '対応完了', NULL, '再発行を完了しました。'),
('不具合', '通知が届かない。', 28, '対応中', NULL, 'サーバーログを確認中です。'),
('機能要望', 'オフライン再生機能を追加してほしい。', 29, '対応完了', NULL, '開発ロードマップに追加しました。'),
('講師', '講師への評価を編集したいです。', 30, '対応完了', NULL, '現在は対応しておりませんが検討中です。');
------------------------------------------------------


--審査テーブル
CREATE TABLE video_review_tbl(
    review_id INT AUTO_INCREMENT,				
    video_id INT,			
    reviewer_id	INT,					
    review_status CHAR(8),				
    review_result_comment VARCHAR(255),						
    reviewed_at	DATETIME DEFAULT CURRENT_TIMESTAMP,				
    created_at	DATETIME DEFAULT CURRENT_TIMESTAMP,			
    updated_at DATETIME DEFAULT CURRENT_TIMESTAMP,
    PRIMARY KEY(review_id)
);

INSERT INTO video_review_tbl (video_id, reviewer_id, review_status, review_result_comment)
VALUES
(1, 2, '承認', '音声・画質ともに良好です。内容も問題ありません。'),
(2, 3, '承認', '全体的にわかりやすい説明で、学習者に適しています。'),
(3, 4, '修正依頼', '冒頭のテロップに誤字があります。修正後に再審査します。'),
(4, 5, '承認', '構成が明確で、教材として適切です。'),
(5, 6, '却下', '著作権に関わる素材が含まれているため公開不可。'),
(6, 7, '承認', '内容・音声バランスともに問題なし。'),
(7, 8, '修正依頼', '一部で音量が小さく、聞き取りづらい箇所があります。'),
(8, 9, '承認', '映像と説明の同期が取れており高品質です。'),
(9, 10, '承認', 'ナレーションが明瞭で視聴しやすいです。'),
(10, 11, '承認', '問題なし。すぐに公開可能です。'),
(11, 12, '修正依頼', '参考資料の出典を明記してください。'),
(12, 13, '承認', '説明が丁寧で初心者にも理解しやすいです。'),
(13, 14, '却下', '動画の一部が欠損しており再アップが必要です。'),
(14, 15, '承認', '表現・言葉遣いともに適切です。'),
(15, 16, '修正依頼', 'BGMが少し大きいので音量を下げてください。'),
(16, 17, '承認', '非常にわかりやすい動画で高評価です。'),
(17, 18, '却下', '内容が他動画と重複しているため非承認。'),
(18, 19, '承認', 'スライドの見やすさが良好。修正不要です。'),
(19, 20, '修正依頼', '一部テキストが切れて表示されています。'),
(20, 21, '承認', '教育的価値が高く、問題ありません。'),
(21, 22, '承認', 'クオリティが安定しており即承認。'),
(22, 23, '修正依頼', 'イントロ部分の音ズレを修正してください。'),
(23, 24, '承認', '講師の話し方が自然で良いです。'),
(24, 25, '却下', '不適切な表現が含まれていました。再編集が必要です。'),
(25, 26, '承認', '資料構成が整理されており問題なし。'),
(26, 27, '修正依頼', '最後の数秒で映像が乱れています。'),
(27, 28, '承認', '映像の明るさ・音声ともに良好です。'),
(28, 29, '承認', 'ナレーションのテンポが良く、視聴しやすいです。'),
(29, 30, '修正依頼', '一部キャプションの誤字を修正してください。'),
(30, 1, '承認', '全体的に完成度が高く、承認します。');
------------------------------------------------------